所要時間範囲,所要時間,乗り換え回数,駅名,lon,lat,鉄道会社,路線名,建物種別,間取り,月額
0-10分,4分,乗換0回,田町,139.747575,35.645736,ＪＲ,山手線,賃貸マンション,1K,13.93
0-10分,4分,乗換0回,品川,139.738999,35.62876,ＪＲ,山手線,賃貸マンション,1K,14.09
0-10分,6分,乗換0回,浜松町,139.757135,35.655391,ＪＲ,山手線,賃貸マンション,1K,15.19
0-10分,7分,乗換0回,大崎,139.728439,35.619772,ＪＲ,山手線,賃貸マンション,1K,12.35
0-10分,8分,乗換0回,新橋,139.758587,35.666195,ＪＲ,山手線,賃貸マンション,1K,13.98
0-10分,9分,乗換0回,五反田,139.723822,35.625974,ＪＲ,山手線,賃貸マンション,1K,12.79
0-10分,8分,乗換0回,大井町,139.73485,35.606257,ＪＲ,京浜東北線,賃貸マンション,1K,12.62
11-20分,11分,乗換0回,大森,139.728079,35.588903,ＪＲ,京浜東北線,賃貸マンション,1K,11.82
11-20分,11分,乗換0回,東京,139.766103,35.681391,ＪＲ,京浜東北線,賃貸マンション,1K,16.7
11-20分,13分,乗換0回,神田,139.770641,35.691173,ＪＲ,京浜東北線,賃貸マンション,1K,14.35
11-20分,15分,乗換0回,蒲田,139.716032,35.562517,ＪＲ,京浜東北線,賃貸マンション,1K,11.35
11-20分,15分,乗換0回,秋葉原,139.773288,35.698619,ＪＲ,京浜東北線,賃貸マンション,1K,13.72
11-20分,17分,乗換0回,上野,139.777043,35.71379,ＪＲ,京浜東北線,賃貸マンション,1K,12.64
11-20分,18分,乗換0回,川崎,139.697485,35.531311,ＪＲ,京浜東北線,賃貸マンション,1K,10.33
11-20分,11分,乗換0回,目黒,139.715775,35.633923,ＪＲ,山手線,賃貸マンション,1K,13.76
11-20分,13分,乗換0回,恵比寿,139.71007,35.646685,ＪＲ,山手線,賃貸マンション,1K,14.54
11-20分,16分,乗換0回,渋谷,139.701238,35.658871,ＪＲ,山手線,賃貸マンション,1K,16.69
11-20分,18分,乗換0回,原宿,139.702592,35.670646,ＪＲ,山手線,賃貸マンション,1K,12.41
11-20分,18分,乗換0回,御徒町,139.774727,35.707282,ＪＲ,山手線,賃貸マンション,1K,13.86
11-20分,12分,乗換0回,高輪台,139.730305,35.631679,都営,浅草線,賃貸マンション,1K,13.18
11-20分,15分,乗換0回,戸越,139.716495,35.614633,都営,浅草線,賃貸マンション,1K,12.04
11-20分,17分,乗換0回,中延,139.712526,35.60571,都営,浅草線,賃貸マンション,1K,11.6
11-20分,17分,乗換0回,東銀座,139.767253,35.669464,都営,浅草線,賃貸マンション,1K,40.69
11-20分,19分,乗換0回,馬込,139.711772,35.596435,都営,浅草線,賃貸マンション,1K,10.4
11-20分,14分,乗換1回,北品川,139.739191,35.622458,京急,本線,賃貸マンション,1K,12.58
11-20分,15分,乗換1回,新馬場,139.741366,35.61762,京急,本線,賃貸マンション,1K,12.11
11-20分,17分,乗換1回,青物横丁,139.742958,35.609351,京急,本線,賃貸マンション,1K,12.58
11-20分,20分,乗換1回,鮫洲,139.742227,35.604977,京急,本線,賃貸マンション,1K,10.29
11-20分,16分,乗換1回,下神明,139.726256,35.608704,東急,大井町線,賃貸マンション,1K,10.78
11-20分,18分,乗換1回,戸越公園,139.718159,35.608856,東急,大井町線,賃貸マンション,1K,12.18
11-20分,20分,乗換1回,荏原町,139.707571,35.60382,東急,大井町線,賃貸マンション,1K,10.71
11-20分,16分,乗換1回,虎ノ門,139.749832,35.670236,東京メトロ,銀座線,賃貸マンション,1K,14.0
11-20分,18分,乗換1回,三越前,139.773594,35.687101,東京メトロ,銀座線,賃貸マンション,1K,14.96
11-20分,19分,乗換1回,末広町,139.771713,35.702972,東京メトロ,銀座線,賃貸マンション,1K,14.53
11-20分,20分,乗換1回,赤坂見附,139.737047,35.677021,東京メトロ,銀座線,賃貸マンション,1K,20.02
11-20分,16分,乗換1回,芝公園,139.749824,35.654074,都営,三田線,賃貸マンション,1K,14.3
11-20分,18分,乗換1回,御成門,139.751535,35.661215,都営,三田線,賃貸マンション,1K,14.51
11-20分,19分,乗換1回,白金高輪,139.734104,35.642903,都営,三田線,賃貸マンション,1K,13.81
11-20分,19分,乗換1回,荏原中延,139.712196,35.610056,東急,池上線,賃貸マンション,1K,10.96
11-20分,20分,乗換1回,虎ノ門ヒルズ,139.747778,35.667444,東京メトロ,日比谷線,賃貸マンション,1K,12.25
11-20分,19分,乗換1回,不動前,139.71469,35.626526,東急,目黒線,賃貸マンション,1K,12.89
11-20分,19分,乗換1回,赤羽橋,139.743642,35.655007,都営,大江戸線（環状部）,賃貸マンション,1K,14.81
11-20分,19分,乗換1回,白金台,139.726133,35.637917,東京メトロ,南北線,賃貸マンション,1K,15.11
11-20分,19分,乗換1回,品川シーサイド,139.749549,35.608524,不明,りんかい線,賃貸マンション,1K,12.6
11-20分,20分,乗換1回,竹芝,139.762037,35.654099,不明,ゆりかもめ,賃貸マンション,1K,20.74
11-20分,20分,乗換1回,天王洲アイル,139.750675,35.622908,不明,東京モノレール,賃貸マンション,1K,10.17
21-30分,21分,乗換1回,旗の台,139.702286,35.604923,東急,池上線,賃貸マンション,1K,10.88
21-30分,22分,乗換1回,長原,139.697881,35.60219,東急,池上線,賃貸マンション,1K,11.68
21-30分,24分,乗換1回,洗足池,139.690896,35.599648,東急,池上線,賃貸マンション,1K,9.3
21-30分,24分,乗換1回,蓮沼,139.708544,35.564173,東急,池上線,賃貸マンション,1K,11.83
21-30分,25分,乗換1回,石川台,139.685063,35.596888,東急,池上線,賃貸マンション,1K,10.66
21-30分,26分,乗換1回,池上,139.702822,35.572025,東急,池上線,賃貸マンション,1K,10.33
21-30分,27分,乗換1回,雪が谷大塚,139.681083,35.592038,東急,池上線,賃貸マンション,1K,10.18
21-30分,28分,乗換1回,御嶽山,139.682473,35.585236,東急,池上線,賃貸マンション,1K,11.1
21-30分,28分,乗換1回,千鳥町,139.69142,35.572983,東急,池上線,賃貸マンション,1K,9.36
21-30分,29分,乗換1回,久が原,139.685678,35.579499,東急,池上線,賃貸マンション,1K,10.5
21-30分,21分,乗換1回,銀座一丁目,139.767045,35.67435,東京メトロ,有楽町線,賃貸マンション,1K,14.5
21-30分,23分,乗換1回,新富町,139.773711,35.670462,東京メトロ,有楽町線,賃貸マンション,1K,14.62
21-30分,26分,乗換1回,麹町,139.737613,35.684006,東京メトロ,有楽町線,賃貸マンション,1K,16.15
21-30分,27分,乗換1回,豊洲,139.79621,35.654908,東京メトロ,有楽町線,賃貸マンション,1K,13.2
21-30分,29分,乗換1回,辰巳,139.81052,35.645576,東京メトロ,有楽町線,賃貸マンション,1K,13.49
21-30分,21分,乗換1回,御茶ノ水,139.764955,35.699605,ＪＲ,中央本線（東京-塩尻）,賃貸マンション,1K,12.98
21-30分,24分,乗換1回,水道橋,139.754312,35.702039,ＪＲ,中央本線（東京-塩尻）,賃貸マンション,1K,14.04
21-30分,26分,乗換1回,四ツ谷,139.730644,35.686041,ＪＲ,中央本線（東京-塩尻）,賃貸マンション,1K,14.29
21-30分,26分,乗換1回,飯田橋,139.745143,35.701835,ＪＲ,中央本線（東京-塩尻）,賃貸マンション,1K,13.86
21-30分,30分,乗換1回,信濃町,139.720729,35.680031,ＪＲ,中央本線（東京-塩尻）,賃貸マンション,1K,15.22
21-30分,30分,乗換1回,大久保,139.69732,35.700784,ＪＲ,中央本線（東京-塩尻）,賃貸マンション,1K,13.34
21-30分,21分,乗換1回,西大井,139.721729,35.601616,ＪＲ,横須賀線,賃貸マンション,1K,12.11
21-30分,26分,乗換1回,武蔵小杉,139.65963,35.57669,ＪＲ,横須賀線,賃貸マンション,1K,11.09
21-30分,29分,乗換1回,新川崎,139.671481,35.551784,ＪＲ,横須賀線,賃貸マンション,1K,8.9
21-30分,21分,乗換0回,西馬込,139.705942,35.586859,都営,浅草線,賃貸マンション,1K,11.38
21-30分,22分,乗換0回,人形町,139.782285,35.686307,都営,浅草線,賃貸マンション,1K,14.24
21-30分,24分,乗換0回,東日本橋,139.784821,35.692126,都営,浅草線,賃貸マンション,1K,14.7
21-30分,27分,乗換0回,蔵前,139.790931,35.703236,都営,浅草線,賃貸マンション,1K,12.26
21-30分,30分,乗換0回,本所吾妻橋,139.804624,35.70858,都営,浅草線,賃貸マンション,1K,11.92
21-30分,21分,乗換0回,代々木,139.702042,35.683061,ＪＲ,山手線,賃貸マンション,1K,13.72
21-30分,22分,乗換0回,鶯谷,139.778015,35.721484,ＪＲ,山手線,賃貸マンション,1K,10.56
21-30分,23分,乗換0回,新宿,139.700464,35.689729,ＪＲ,山手線,賃貸マンション,1K,14.79
21-30分,24分,乗換0回,日暮里,139.771287,35.727908,ＪＲ,山手線,賃貸マンション,1K,10.23
21-30分,25分,乗換0回,新大久保,139.700261,35.700875,ＪＲ,山手線,賃貸マンション,1K,13.02
21-30分,25分,乗換0回,西日暮里,139.766857,35.731954,ＪＲ,山手線,賃貸マンション,1K,11.17
21-30分,27分,乗換0回,高田馬場,139.703715,35.712677,ＪＲ,山手線,賃貸マンション,1K,15.59
21-30分,29分,乗換0回,駒込,139.748053,35.736825,ＪＲ,山手線,賃貸マンション,1K,12.41
21-30分,29分,乗換0回,目白,139.706228,35.720476,ＪＲ,山手線,賃貸マンション,1K,11.92
21-30分,21分,乗換1回,立会川,139.738886,35.598489,京急,本線,賃貸マンション,1K,11.07
21-30分,23分,乗換1回,大森海岸,139.73544,35.587576,京急,本線,賃貸マンション,1K,12.65
21-30分,23分,乗換1回,平和島,139.73491,35.57868,京急,本線,賃貸マンション,1K,10.7
21-30分,24分,乗換1回,京急蒲田,139.723681,35.560796,京急,本線,賃貸マンション,1K,12.0
21-30分,28分,乗換1回,大森町,139.732027,35.572431,京急,本線,賃貸マンション,1K,10.22
21-30分,29分,乗換1回,梅屋敷,139.728266,35.566873,京急,本線,賃貸マンション,1K,10.5
21-30分,21分,乗換1回,麻布十番,139.737051,35.654682,都営,大江戸線（環状部）,賃貸マンション,1K,15.84
21-30分,22分,乗換1回,勝どき,139.776442,35.658507,都営,大江戸線（環状部）,賃貸マンション,1K,15.26
21-30分,23分,乗換1回,六本木,139.731443,35.662836,都営,大江戸線（環状部）,賃貸マンション,1K,17.86
21-30分,24分,乗換1回,月島,139.784233,35.664871,都営,大江戸線（環状部）,賃貸マンション,1K,13.72
21-30分,26分,乗換1回,門前仲町,139.796209,35.671851,都営,大江戸線（環状部）,賃貸マンション,1K,12.54
21-30分,27分,乗換1回,国立競技場,139.714932,35.679831,都営,大江戸線（環状部）,賃貸マンション,1K,15.11
21-30分,28分,乗換1回,新御徒町,139.781958,35.707045,都営,大江戸線（環状部）,賃貸マンション,1K,12.57
21-30分,29分,乗換1回,清澄白河,139.798851,35.682105,都営,大江戸線（環状部）,賃貸マンション,1K,12.73
21-30分,30分,乗換1回,森下,139.797042,35.68796,都営,大江戸線（環状部）,賃貸マンション,1K,12.5
21-30分,21分,乗換1回,天王洲アイル,139.750675,35.622908,不明,りんかい線,賃貸マンション,1K,10.17
21-30分,29分,乗換1回,東雲,139.804395,35.640987,不明,りんかい線,賃貸マンション,1K,11.61
21-30分,22分,乗換1回,神谷町,139.745069,35.662978,東京メトロ,日比谷線,賃貸マンション,1K,16.0
21-30分,22分,乗換1回,築地,139.772603,35.668115,東京メトロ,日比谷線,賃貸マンション,1K,17.62
21-30分,23分,乗換1回,中目黒,139.698621,35.643854,東京メトロ,日比谷線,賃貸マンション,1K,16.31
21-30分,24分,乗換1回,広尾,139.722202,35.652279,東京メトロ,日比谷線,賃貸マンション,1K,14.8
21-30分,24分,乗換1回,八丁堀,139.777705,35.674617,東京メトロ,日比谷線,賃貸マンション,1K,15.73
21-30分,27分,乗換1回,小伝馬町,139.778433,35.690737,東京メトロ,日比谷線,賃貸マンション,1K,13.08
21-30分,28分,乗換1回,入谷,139.783924,35.719862,東京メトロ,日比谷線,賃貸マンション,1K,11.34
21-30分,30分,乗換1回,三ノ輪,139.791485,35.729623,東京メトロ,日比谷線,賃貸マンション,1K,10.78
21-30分,22分,乗換1回,神保町,139.757606,35.695966,都営,三田線,賃貸マンション,1K,14.68
21-30分,26分,乗換1回,春日,139.75325,35.709598,都営,三田線,賃貸マンション,1K,11.62
21-30分,28分,乗換1回,白山,139.752136,35.721408,都営,三田線,賃貸マンション,1K,13.44
21-30分,30分,乗換1回,千石,139.744792,35.727957,都営,三田線,賃貸マンション,1K,13.12
21-30分,24分,乗換1回,稲荷町,139.782593,35.711273,東京メトロ,銀座線,賃貸マンション,1K,14.3
21-30分,24分,乗換1回,外苑前,139.717857,35.670527,東京メトロ,銀座線,賃貸マンション,1K,16.08
21-30分,24分,乗換1回,表参道,139.712314,35.665247,東京メトロ,銀座線,賃貸マンション,1K,18.19
21-30分,25分,乗換1回,田原町,139.790897,35.709897,東京メトロ,銀座線,賃貸マンション,1K,12.56
21-30分,27分,乗換1回,浅草,139.798214,35.711883,東京メトロ,銀座線,賃貸マンション,1K,12.12
21-30分,22分,乗換1回,浅草橋,139.784427,35.697403,ＪＲ,総武線各停（御茶ノ水-錦糸町）,賃貸マンション,1K,13.05
21-30分,23分,乗換1回,両国,139.793334,35.69579,ＪＲ,総武線各停（御茶ノ水-錦糸町）,賃貸マンション,1K,12.15
21-30分,26分,乗換1回,錦糸町,139.814136,35.696802,ＪＲ,総武線各停（御茶ノ水-錦糸町）,賃貸マンション,1K,12.1
21-30分,22分,乗換1回,淡路町,139.7675149,35.6953595,東京メトロ,丸ノ内線,賃貸マンション,1K,14.15
21-30分,26分,乗換1回,本郷三丁目,139.759914,35.706671,東京メトロ,丸ノ内線,賃貸マンション,1K,14.54
21-30分,27分,乗換1回,後楽園,139.751864,35.707898,東京メトロ,丸ノ内線,賃貸マンション,1K,13.32
21-30分,28分,乗換2回,四谷三丁目,139.720103,35.687958,東京メトロ,丸ノ内線,賃貸マンション,1K,15.48
21-30分,30分,乗換2回,新宿御苑前,139.71069,35.688588,東京メトロ,丸ノ内線,賃貸マンション,1K,14.53
21-30分,30分,乗換1回,茗荷谷,139.737184,35.716989,東京メトロ,丸ノ内線,賃貸マンション,1K,11.76
21-30分,22分,乗換0回,鶴見,139.67614,35.508387,ＪＲ,京浜東北線,賃貸マンション,1K,9.75
21-30分,23分,乗換0回,田端,139.761229,35.737781,ＪＲ,京浜東北線,賃貸マンション,1K,11.44
21-30分,26分,乗換0回,上中里,139.745769,35.74728,ＪＲ,京浜東北線,賃貸マンション,1K,8.77
21-30分,26分,乗換0回,新子安,139.654776,35.487064,ＪＲ,京浜東北線,賃貸マンション,1K,9.5
21-30分,28分,乗換0回,王子,139.73809,35.752538,ＪＲ,京浜東北線,賃貸マンション,1K,11.01
21-30分,29分,乗換0回,東神奈川,139.633466,35.47804,ＪＲ,京浜東北線,賃貸マンション,1K,9.03
21-30分,22分,乗換1回,日の出,139.75906,35.649136,不明,ゆりかもめ,賃貸マンション,1K,15.08
21-30分,23分,乗換1回,芝浦ふ頭,139.757852,35.641773,不明,ゆりかもめ,賃貸マンション,1K,13.84
21-30分,22分,乗換1回,武蔵小山,139.704524,35.620538,東急,目黒線,賃貸マンション,1K,12.25
21-30分,23分,乗換1回,西小山,139.698694,35.615455,東急,目黒線,賃貸マンション,1K,11.71
21-30分,25分,乗換1回,洗足,139.694367,35.61043,東急,目黒線,賃貸マンション,1K,9.2
21-30分,29分,乗換1回,奥沢,139.672355,35.603947,東急,目黒線,賃貸マンション,1K,11.48
21-30分,23分,乗換1回,北千束,139.693303,35.606311,東急,大井町線,賃貸マンション,1K,12.61
21-30分,25分,乗換1回,大岡山,139.685909,35.607456,東急,大井町線,賃貸マンション,1K,11.12
21-30分,27分,乗換1回,緑が丘,139.679482,35.60638,東急,大井町線,賃貸マンション,1K,11.23
21-30分,28分,乗換1回,自由が丘,139.668664,35.607224,東急,大井町線,賃貸マンション,1K,12.23
21-30分,30分,乗換1回,九品仏,139.660992,35.60538,東急,大井町線,賃貸マンション,1K,11.92
21-30分,24分,乗換1回,大井競馬場前,139.74708,35.595006,不明,東京モノレール,賃貸マンション,1K,9.98
21-30分,29分,乗換1回,昭和島,139.749918,35.570656,不明,東京モノレール,賃貸マンション,1K,9.7
21-30分,24分,乗換1回,竹橋,139.756817,35.690662,東京メトロ,東西線,賃貸マンション,1K,16.13
21-30分,25分,乗換1回,茅場町,139.780005,35.679752,東京メトロ,東西線,賃貸マンション,1K,13.5
21-30分,26分,乗換1回,九段下,139.751948,35.695589,東京メトロ,東西線,賃貸マンション,1K,13.94
21-30分,29分,乗換1回,木場,139.807042,35.669351,東京メトロ,東西線,賃貸マンション,1K,12.4
21-30分,30分,乗換1回,神楽坂,139.734546,35.70379,東京メトロ,東西線,賃貸マンション,1K,13.86
21-30分,25分,乗換1回,馬喰町,139.78238,35.693365,ＪＲ,総武本線（東京-銚子）,賃貸マンション,1K,13.11
21-30分,28分,乗換1回,亀戸,139.826262,35.697345,ＪＲ,総武本線（東京-銚子）,賃貸マンション,1K,11.42
21-30分,30分,乗換1回,平井,139.842181,35.70643,ＪＲ,総武本線（東京-銚子）,賃貸マンション,1K,9.86
21-30分,25分,乗換1回,矢口渡,139.700389,35.562462,東急,多摩川線,賃貸マンション,1K,9.87
21-30分,26分,乗換1回,武蔵新田,139.692506,35.567806,東急,多摩川線,賃貸マンション,1K,9.59
21-30分,28分,乗換1回,下丸子,139.685576,35.571397,東急,多摩川線,賃貸マンション,1K,8.69
21-30分,29分,乗換1回,鵜の木,139.680554,35.575452,東急,多摩川線,賃貸マンション,1K,9.89
21-30分,26分,乗換1回,池尻大橋,139.684319,35.650603,東急,田園都市線,賃貸マンション,1K,14.52
21-30分,28分,乗換1回,三軒茶屋,139.670156,35.643716,東急,田園都市線,賃貸マンション,1K,13.7
21-30分,30分,乗換1回,駒沢大学,139.661702,35.633471,東急,田園都市線,賃貸マンション,1K,13.48
21-30分,26分,乗換2回,六本木一丁目,139.739,35.665595,東京メトロ,南北線,賃貸マンション,1K,22.74
21-30分,27分,乗換1回,神泉,139.693579,35.657244,京王,井の頭線,賃貸マンション,1K,14.75
21-30分,30分,乗換1回,池ノ上,139.67344,35.660402,京王,井の頭線,賃貸マンション,1K,11.71
21-30分,27分,乗換1回,赤坂,139.738348,35.67323,東京メトロ,千代田線,賃貸マンション,1K,17.46
21-30分,27分,乗換1回,代々木公園,139.689099,35.669187,東京メトロ,千代田線,賃貸マンション,1K,16.49
21-30分,28分,乗換1回,代々木上原,139.680153,35.669159,東京メトロ,千代田線,賃貸マンション,1K,15.0
21-30分,28分,乗換1回,湯島,139.769916,35.708243,東京メトロ,千代田線,賃貸マンション,1K,13.59
21-30分,29分,乗換1回,乃木坂,139.726215,35.666572,東京メトロ,千代田線,賃貸マンション,1K,15.28
21-30分,30分,乗換1回,根津,139.765655,35.7174,東京メトロ,千代田線,賃貸マンション,1K,11.48
21-30分,28分,乗換1回,尻手,139.684233,35.530939,ＪＲ,南武線（川崎-立川）,賃貸マンション,1K,9.49
21-30分,30分,乗換1回,矢向,139.68055,35.539408,ＪＲ,南武線（川崎-立川）,賃貸マンション,1K,9.26
21-30分,28分,乗換2回,半蔵門,139.74163,35.685703,東京メトロ,半蔵門線,賃貸マンション,1K,14.74
21-30分,28分,乗換1回,糀谷,139.72962,35.5545,京急,空港線,賃貸マンション,1K,10.29
21-30分,30分,乗換1回,大鳥居,139.739356,35.552531,京急,空港線,賃貸マンション,1K,10.88
21-30分,29分,乗換1回,浜町,139.788154,35.688516,都営,新宿線,賃貸マンション,1K,13.82
21-30分,30分,乗換1回,港町,139.712578,35.535014,京急,大師線,賃貸マンション,1K,9.44
21-30分,30分,乗換1回,代官山,139.703284,35.648193,東急,東横線,賃貸マンション,1K,13.91
21-30分,30分,乗換2回,祐天寺,139.690758,35.637163,東急,東横線,賃貸マンション,1K,14.53
31-40分,31分,乗換0回,横浜,139.622704,35.466195,ＪＲ,京浜東北線,賃貸マンション,1K,10.51
31-40分,31分,乗換0回,東十条,139.726858,35.763803,ＪＲ,京浜東北線,賃貸マンション,1K,10.01
31-40分,34分,乗換0回,赤羽,139.720928,35.778026,ＪＲ,京浜東北線,賃貸マンション,1K,11.4
31-40分,38分,乗換0回,川口,139.717472,35.801869,ＪＲ,京浜東北線,賃貸マンション,1K,9.06
31-40分,31分,乗換1回,下北沢,139.66691,35.661539,京王,井の頭線,賃貸マンション,1K,13.45
31-40分,33分,乗換1回,新代田,139.660524,35.662593,京王,井の頭線,賃貸マンション,1K,13.33
31-40分,34分,乗換1回,東松原,139.655535,35.662634,京王,井の頭線,賃貸マンション,1K,11.01
31-40分,35分,乗換1回,明大前,139.650352,35.668758,京王,井の頭線,賃貸マンション,1K,10.95
31-40分,38分,乗換1回,永福町,139.642733,35.67629,京王,井の頭線,賃貸マンション,1K,9.77
31-40分,31分,乗換2回,学芸大学,139.68522,35.628786,東急,東横線,賃貸マンション,1K,13.63
31-40分,33分,乗換2回,都立大学,139.676393,35.617835,東急,東横線,賃貸マンション,1K,13.28
31-40分,31分,乗換1回,穴守稲荷,139.746669,35.550326,京急,空港線,賃貸マンション,1K,10.55
31-40分,33分,乗換1回,天空橋,139.75423,35.548908,京急,空港線,賃貸マンション,1K,10.67
31-40分,31分,乗換1回,沼部,139.67326,35.582526,東急,多摩川線,賃貸マンション,1K,11.6
31-40分,31分,乗換1回,新三河島,139.773834,35.73714,京成,本線,賃貸マンション,1K,10.17
31-40分,32分,乗換1回,町屋,139.781499,35.742354,京成,本線,賃貸マンション,1K,9.98
31-40分,35分,乗換1回,千住大橋,139.796934,35.74243,京成,本線,賃貸マンション,1K,9.68
31-40分,39分,乗換1回,堀切菖蒲園,139.827545,35.747649,京成,本線,賃貸マンション,1K,8.3
31-40分,40分,乗換1回,お花茶屋,139.83988,35.747585,京成,本線,賃貸マンション,1K,8.92
31-40分,31分,乗換2回,新宿三丁目,139.704895,35.690847,東京メトロ,丸ノ内線,賃貸マンション,1K,14.1
31-40分,32分,乗換1回,新大塚,139.729971,35.72569,東京メトロ,丸ノ内線,賃貸マンション,1K,13.86
31-40分,32分,乗換1回,西新宿,139.692778,35.694298,東京メトロ,丸ノ内線,賃貸マンション,1K,14.29
31-40分,34分,乗換1回,中野坂上,139.68291,35.69792,東京メトロ,丸ノ内線,賃貸マンション,1K,11.63
31-40分,36分,乗換1回,新中野,139.66903,35.697491,東京メトロ,丸ノ内線,賃貸マンション,1K,13.26
31-40分,37分,乗換1回,東高円寺,139.657822,35.697802,東京メトロ,丸ノ内線,賃貸マンション,1K,11.52
31-40分,39分,乗換1回,新高円寺,139.648068,35.697985,東京メトロ,丸ノ内線,賃貸マンション,1K,10.86
31-40分,31分,乗換0回,巣鴨,139.739303,35.733445,ＪＲ,山手線,賃貸マンション,1K,12.05
31-40分,31分,乗換0回,池袋,139.711086,35.730256,ＪＲ,山手線,賃貸マンション,1K,11.79
31-40分,33分,乗換0回,大塚,139.728584,35.731412,ＪＲ,山手線,賃貸マンション,1K,13.04
31-40分,37分,乗換2回,新豊洲,139.789996,35.648718,不明,ゆりかもめ,賃貸マンション,1K,16.67
31-40分,31分,乗換1回,東陽町,139.817596,35.669629,東京メトロ,東西線,賃貸マンション,1K,11.39
31-40分,32分,乗換1回,早稲田,139.721319,35.705723,東京メトロ,東西線,賃貸マンション,1K,12.81
31-40分,33分,乗換1回,南砂町,139.83065,35.668796,東京メトロ,東西線,賃貸マンション,1K,9.73
31-40分,36分,乗換1回,西葛西,139.859259,35.664631,東京メトロ,東西線,賃貸マンション,1K,9.65
31-40分,38分,乗換1回,葛西,139.872458,35.663554,東京メトロ,東西線,賃貸マンション,1K,10.43
31-40分,39分,乗換1回,落合,139.687284,35.710976,東京メトロ,東西線,賃貸マンション,1K,11.93
31-40分,31分,乗換1回,尾久,139.753846,35.74683,ＪＲ,宇都宮線〔東北本線〕・ＪＲ上野東京ライン,賃貸マンション,1K,10.14
31-40分,31分,乗換1回,尾山台,139.653862,35.606971,東急,大井町線,賃貸マンション,1K,9.8
31-40分,33分,乗換1回,等々力,139.647938,35.608369,東急,大井町線,賃貸マンション,1K,12.55
31-40分,34分,乗換1回,上野毛,139.638917,35.611957,東急,大井町線,賃貸マンション,1K,10.13
31-40分,36分,乗換1回,二子玉川,139.626685,35.611788,東急,大井町線,賃貸マンション,1K,12.11
31-40分,38分,乗換1回,溝の口,139.610487,35.59984,東急,大井町線,賃貸マンション,1K,9.29
31-40分,39分,乗換1回,二子新地,139.622338,35.606994,東急,大井町線,賃貸マンション,1K,9.47
31-40分,31分,乗換1回,鈴木町,139.720655,35.53535,京急,大師線,賃貸マンション,1K,8.83
31-40分,33分,乗換1回,川崎大師,139.725946,35.535711,京急,大師線,賃貸マンション,1K,8.57
31-40分,34分,乗換1回,東門前,139.734298,35.536566,京急,大師線,賃貸マンション,1K,7.96
31-40分,36分,乗換1回,大師橋,139.740381,35.536611,京急,大師線,賃貸マンション,1K,7.82
31-40分,38分,乗換1回,小島新田,139.747575,35.534798,京急,大師線,賃貸マンション,1K,9.06
31-40分,32分,乗換1回,越中島,139.792713,35.667946,ＪＲ,京葉線,賃貸マンション,1K,12.07
31-40分,35分,乗換1回,潮見,139.817341,35.658702,ＪＲ,京葉線,賃貸マンション,1K,11.32
31-40分,32分,乗換0回,押上,139.812935,35.710702,都営,浅草線,賃貸マンション,1K,11.04
31-40分,32分,乗換1回,菊川,139.806016,35.688379,都営,新宿線,賃貸マンション,1K,11.67
31-40分,34分,乗換1回,住吉,139.815681,35.689073,都営,新宿線,賃貸マンション,1K,11.83
31-40分,34分,乗換2回,曙橋,139.722881,35.692402,都営,新宿線,賃貸マンション,1K,12.46
31-40分,36分,乗換1回,西大島,139.826206,35.689349,都営,新宿線,賃貸マンション,1K,10.77
31-40分,37分,乗換1回,大島,139.83565,35.689905,都営,新宿線,賃貸マンション,1K,11.13
31-40分,40分,乗換1回,東大島,139.845963,35.690355,都営,新宿線,賃貸マンション,1K,9.36
31-40分,33分,乗換1回,鶴見小野,139.681226,35.497005,ＪＲ,鶴見線（鶴見-扇町）,賃貸マンション,1K,9.0
31-40分,39分,乗換1回,安善,139.700663,35.499668,ＪＲ,鶴見線（鶴見-扇町）,賃貸マンション,1K,7.99
31-40分,32分,乗換1回,雑色,139.715005,35.549725,京急,本線,賃貸マンション,1K,9.7
31-40分,32分,乗換1回,鶴見市場,139.68642,35.517594,京急,本線,賃貸マンション,1K,9.37
31-40分,33分,乗換1回,花月総持寺,139.672813,35.500358,京急,本線,賃貸マンション,1K,9.69
31-40分,33分,乗換1回,八丁畷,139.691446,35.523071,京急,本線,賃貸マンション,1K,9.27
31-40分,33分,乗換1回,六郷土手,139.7076,35.540577,京急,本線,賃貸マンション,1K,9.16
31-40分,34分,乗換1回,子安,139.644965,35.484556,京急,本線,賃貸マンション,1K,8.49
31-40分,35分,乗換1回,生麦,139.6673,35.4956,京急,本線,賃貸マンション,1K,8.54
31-40分,36分,乗換1回,神奈川新町,139.640152,35.481559,京急,本線,賃貸マンション,1K,8.79
31-40分,38分,乗換1回,神奈川,139.627364,35.471304,京急,本線,賃貸マンション,1K,9.94
31-40分,32分,乗換1回,鹿島田,139.674964,35.551459,ＪＲ,南武線（川崎-立川）,賃貸マンション,1K,9.25
31-40分,34分,乗換1回,平間,139.671039,35.560565,ＪＲ,南武線（川崎-立川）,賃貸マンション,1K,9.33
31-40分,36分,乗換1回,向河原,139.66725,35.572891,ＪＲ,南武線（川崎-立川）,賃貸マンション,1K,10.12
31-40分,40分,乗換1回,武蔵中原,139.640613,35.581498,ＪＲ,南武線（川崎-立川）,賃貸マンション,1K,8.99
31-40分,32分,乗換1回,千駄木,139.763243,35.725549,東京メトロ,千代田線,賃貸マンション,1K,12.82
31-40分,33分,乗換1回,町屋,139.781499,35.742354,東京メトロ,千代田線,賃貸マンション,1K,9.98
31-40分,32分,乗換1回,中野,139.665835,35.705765,ＪＲ,中央本線（東京-塩尻）,賃貸マンション,1K,13.8
31-40分,32分,乗換1回,東中野,139.684436,35.706529,ＪＲ,中央本線（東京-塩尻）,賃貸マンション,1K,12.67
31-40分,34分,乗換1回,高円寺,139.649664,35.705326,ＪＲ,中央本線（東京-塩尻）,賃貸マンション,1K,11.63
31-40分,38分,乗換1回,荻窪,139.620109,35.704523,ＪＲ,中央本線（東京-塩尻）,賃貸マンション,1K,11.17
31-40分,32分,乗換1回,南千住,139.7994,35.734033,東京メトロ,日比谷線,賃貸マンション,1K,9.92
31-40分,35分,乗換1回,北千住,139.804872,35.749677,東京メトロ,日比谷線,賃貸マンション,1K,9.61
31-40分,32分,乗換1回,北参道,139.705453,35.678459,東京メトロ,副都心線,賃貸マンション,1K,15.38
31-40分,36分,乗換1回,東新宿,139.707593,35.698915,東京メトロ,副都心線,賃貸マンション,1K,14.64
31-40分,38分,乗換1回,西早稲田,139.709101,35.708242,東京メトロ,副都心線,賃貸マンション,1K,13.54
31-40分,40分,乗換1回,雑司が谷,139.714795,35.720233,東京メトロ,副都心線,賃貸マンション,1K,12.32
31-40分,33分,乗換1回,江戸川橋,139.733538,35.709495,東京メトロ,有楽町線,賃貸マンション,1K,12.81
31-40分,35分,乗換1回,護国寺,139.72754,35.719044,東京メトロ,有楽町線,賃貸マンション,1K,12.5
31-40分,37分,乗換1回,東池袋,139.719546,35.725732,東京メトロ,有楽町線,賃貸マンション,1K,12.19
31-40分,33分,乗換1回,桜新町,139.644779,35.631666,東急,田園都市線,賃貸マンション,1K,11.67
31-40分,35分,乗換1回,用賀,139.633928,35.626436,東急,田園都市線,賃貸マンション,1K,12.47
31-40分,33分,乗換1回,三河島,139.777131,35.733383,ＪＲ,常磐線,賃貸マンション,1K,9.69
31-40分,36分,乗換1回,南千住,139.7994,35.734033,ＪＲ,常磐線,賃貸マンション,1K,9.92
31-40分,33分,乗換1回,新小岩,139.857777,35.716903,ＪＲ,総武本線（東京-銚子）,賃貸マンション,1K,9.56
31-40分,36分,乗換1回,小岩,139.881755,35.733207,ＪＲ,総武本線（東京-銚子）,賃貸マンション,1K,11.04
31-40分,39分,乗換1回,市川,139.908142,35.728903,ＪＲ,総武本線（東京-銚子）,賃貸マンション,1K,9.43
31-40分,33分,乗換1回,東北沢,139.673014,35.665379,不明,小田急小田原線,賃貸マンション,1K,11.14
31-40分,34分,乗換1回,南新宿,139.69867,35.683483,不明,小田急小田原線,賃貸マンション,1K,13.41
31-40分,35分,乗換1回,参宮橋,139.693568,35.678586,不明,小田急小田原線,賃貸マンション,1K,14.31
31-40分,36分,乗換1回,世田谷代田,139.661557,35.65834,不明,小田急小田原線,賃貸マンション,1K,11.42
31-40分,37分,乗換1回,代々木八幡,139.688913,35.669715,不明,小田急小田原線,賃貸マンション,1K,13.48
31-40分,38分,乗換1回,梅ヶ丘,139.653628,35.656024,不明,小田急小田原線,賃貸マンション,1K,11.29
31-40分,39分,乗換1回,豪徳寺,139.647381,35.653807,不明,小田急小田原線,賃貸マンション,1K,10.4
31-40分,34分,乗換1回,栄町,139.742124,35.750909,不明,都電荒川線,賃貸マンション,1K,9.63
31-40分,38分,乗換2回,荒川七丁目,139.78417,35.741975,不明,都電荒川線,賃貸マンション,1K,9.9
31-40分,38分,乗換1回,西ヶ原四丁目,139.732779,35.744501,不明,都電荒川線,賃貸マンション,1K,11.45
31-40分,38分,乗換2回,荒川一中前,139.788988,35.733659,不明,都電荒川線,賃貸マンション,1K,10.0
31-40分,39分,乗換1回,向原,139.724894,35.728938,不明,都電荒川線,賃貸マンション,1K,12.9
31-40分,39分,乗換2回,荒川区役所前,139.786456,35.73493,不明,都電荒川線,賃貸マンション,1K,10.1
31-40分,40分,乗換1回,庚申塚,139.729743,35.739563,不明,都電荒川線,賃貸マンション,1K,8.4
31-40分,34分,乗換0回,京成曳舟,139.820012,35.718441,京成,押上線,賃貸マンション,1K,10.75
31-40分,36分,乗換0回,八広,139.828738,35.727687,京成,押上線,賃貸マンション,1K,9.68
31-40分,37分,乗換0回,四ツ木,139.834918,35.731962,京成,押上線,賃貸マンション,1K,9.0
31-40分,38分,乗換0回,青砥,139.856292,35.745883,京成,押上線,賃貸マンション,1K,9.62
31-40分,39分,乗換0回,京成立石,139.848558,35.738281,京成,押上線,賃貸マンション,1K,9.24
31-40分,34分,乗換0回,桜木町,139.630881,35.451112,ＪＲ,根岸線,賃貸マンション,1K,8.92
31-40分,36分,乗換0回,関内,139.636984,35.443336,ＪＲ,根岸線,賃貸マンション,1K,9.08
31-40分,38分,乗換0回,石川町,139.642934,35.438808,ＪＲ,根岸線,賃貸マンション,1K,9.08
31-40分,40分,乗換0回,山手,139.646425,35.426891,ＪＲ,根岸線,賃貸マンション,1K,8.47
31-40分,34分,乗換1回,新丸子,139.661964,35.58049,東急,目黒線,賃貸マンション,1K,11.43
31-40分,37分,乗換1回,元住吉,139.654668,35.565698,東急,目黒線,賃貸マンション,1K,9.99
31-40分,39分,乗換1回,日吉,139.646944,35.5539,東急,目黒線,賃貸マンション,1K,9.85
31-40分,34分,乗換1回,西巣鴨,139.728712,35.743508,都営,三田線,賃貸マンション,1K,12.05
31-40分,36分,乗換1回,新板橋,139.720101,35.748785,都営,三田線,賃貸マンション,1K,11.65
31-40分,38分,乗換1回,板橋区役所前,139.710102,35.751284,都営,三田線,賃貸マンション,1K,10.44
31-40分,40分,乗換1回,板橋本町,139.705535,35.761339,都営,三田線,賃貸マンション,1K,10.1
31-40分,34分,乗換1回,都庁前,139.69257,35.690551,都営,大江戸線（環状部）,賃貸マンション,1K,17.21
31-40分,34分,乗換1回,牛込神楽坂,139.735802,35.700851,都営,大江戸線（環状部）,賃貸マンション,1K,14.07
31-40分,36分,乗換1回,牛込柳町,139.725027,35.699518,都営,大江戸線（環状部）,賃貸マンション,1K,12.78
31-40分,38分,乗換1回,若松河田,139.718184,35.699218,都営,大江戸線（環状部）,賃貸マンション,1K,14.91
31-40分,35分,乗換1回,浅草,139.798214,35.711883,つくばエクスプレス,,賃貸マンション,1K,12.12
31-40分,36分,乗換1回,下落合,139.695391,35.715846,西武,新宿線,賃貸マンション,1K,12.76
31-40分,37分,乗換1回,中井,139.686967,35.715106,西武,新宿線,賃貸マンション,1K,12.56
31-40分,39分,乗換1回,新井薬師前,139.672582,35.715778,西武,新宿線,賃貸マンション,1K,11.21
31-40分,36分,乗換1回,初台,139.686354,35.68123,京王,新線,賃貸マンション,1K,12.6
31-40分,37分,乗換1回,幡ヶ谷,139.676183,35.677061,京王,新線,賃貸マンション,1K,11.91
31-40分,36分,乗換1回,西新宿五丁目,139.684304,35.689798,都営,大江戸線（放射部）,賃貸マンション,1K,13.25
31-40分,36分,乗換2回,東大前,139.758025,35.717633,東京メトロ,南北線,賃貸マンション,1K,12.93
31-40分,37分,乗換1回,王子神谷,139.735933,35.765172,東京メトロ,南北線,賃貸マンション,1K,11.49
31-40分,37分,乗換1回,本駒込,139.753828,35.724155,東京メトロ,南北線,賃貸マンション,1K,13.9
31-40分,39分,乗換1回,志茂,139.732599,35.777948,東京メトロ,南北線,賃貸マンション,1K,9.89
31-40分,36分,乗換1回,赤土小学校前,139.768989,35.742454,都営,日暮里・舎人ライナー,賃貸マンション,1K,9.71
31-40分,37分,乗換1回,熊野前,139.769204,35.749212,都営,日暮里・舎人ライナー,賃貸マンション,1K,8.16
31-40分,37分,乗換2回,とうきょうスカイツリー,139.809332,35.71043,東武,伊勢崎線〔スカイツリーライン〕,賃貸マンション,1K,10.65
31-40分,37分,乗換1回,小菅,139.812935,35.759039,東武,伊勢崎線〔スカイツリーライン〕,賃貸マンション,1K,10.05
31-40分,39分,乗換1回,五反野,139.809643,35.765852,東武,伊勢崎線〔スカイツリーライン〕,賃貸マンション,1K,8.69
31-40分,37分,乗換1回,笹塚,139.667251,35.673758,京王,線,賃貸マンション,1K,12.91
31-40分,38分,乗換1回,代田橋,139.659413,35.671092,京王,線,賃貸マンション,1K,13.43
31-40分,37分,乗換2回,西太子堂,139.666382,35.644545,東急,世田谷線,賃貸マンション,1K,14.38
31-40分,39分,乗換2回,若林,139.659911,35.645933,東急,世田谷線,賃貸マンション,1K,10.48
31-40分,38分,乗換2回,亀戸水神,139.833422,35.699976,東武,亀戸線,賃貸マンション,1K,12.45
31-40分,39分,乗換2回,東あずま,139.831883,35.707067,東武,亀戸線,賃貸マンション,1K,10.46
31-40分,39分,乗換1回,北池袋,139.716749,35.741283,東武,東上線,賃貸マンション,1K,10.43
31-40分,40分,乗換1回,下板橋,139.714785,35.745721,東武,東上線,賃貸マンション,1K,11.14
31-40分,40分,乗換1回,大口,139.646288,35.492375,ＪＲ,横浜線,賃貸マンション,1K,8.69
31-40分,40分,乗換1回,板橋,139.719507,35.745435,ＪＲ,埼京線,賃貸マンション,1K,11.67
41-50分,41分,乗換1回,綾瀬,139.825019,35.762222,東京メトロ,千代田線,賃貸マンション,1K,9.7
41-50分,41分,乗換1回,浦安,139.893193,35.665932,東京メトロ,東西線,賃貸マンション,1K,9.67
41-50分,42分,乗換1回,南行徳,139.902311,35.672687,東京メトロ,東西線,賃貸マンション,1K,9.52
41-50分,45分,乗換1回,行徳,139.914254,35.682686,東京メトロ,東西線,賃貸マンション,1K,9.19
41-50分,48分,乗換1回,妙典,139.924209,35.690935,東京メトロ,東西線,賃貸マンション,1K,9.18
41-50分,50分,乗換1回,原木中山,139.942029,35.703517,東京メトロ,東西線,賃貸マンション,1K,8.51
41-50分,41分,乗換2回,曳舟,139.816634,35.718418,東武,伊勢崎線〔スカイツリーライン〕（押上-曳舟）,賃貸マンション,1K,11.14
41-50分,48分,乗換1回,新浦安,139.912553,35.649526,ＪＲ,京葉線,賃貸マンション,1K,8.9
41-50分,41分,乗換0回,京成高砂,139.866875,35.750932,京成,本線,賃貸マンション,1K,8.95
41-50分,43分,乗換0回,京成小岩,139.88371,35.742158,京成,本線,賃貸マンション,1K,8.9
41-50分,47分,乗換0回,京成八幡,139.92816,35.723811,京成,本線,賃貸マンション,1K,8.8
41-50分,41分,乗換1回,高津,139.616934,35.603248,東急,大井町線,賃貸マンション,1K,9.23
41-50分,41分,乗換2回,小村井,139.827595,35.710316,東武,亀戸線,賃貸マンション,1K,10.47
41-50分,42分,乗換2回,宮ノ前,139.764955,35.750135,不明,都電荒川線,賃貸マンション,1K,8.2
41-50分,42分,乗換2回,都電雑司ヶ谷,139.718006,35.724261,不明,都電荒川線,賃貸マンション,1K,10.98
41-50分,44分,乗換2回,学習院下,139.71247,35.716248,不明,都電荒川線,賃貸マンション,1K,11.7
41-50分,45分,乗換2回,面影橋,139.714444,35.712981,不明,都電荒川線,賃貸マンション,1K,10.11
41-50分,41分,乗換2回,松陰神社前,139.655211,35.643947,東急,世田谷線,賃貸マンション,1K,11.5
41-50分,42分,乗換2回,世田谷,139.650945,35.643564,東急,世田谷線,賃貸マンション,1K,10.18
41-50分,43分,乗換2回,上町,139.646276,35.643656,東急,世田谷線,賃貸マンション,1K,11.38
41-50分,45分,乗換2回,宮の坂,139.64494,35.647508,東急,世田谷線,賃貸マンション,1K,10.4
41-50分,45分,乗換2回,松原,139.642,35.660048,東急,世田谷線,賃貸マンション,1K,9.65
41-50分,42分,乗換1回,久我山,139.599211,35.688138,京王,井の頭線,賃貸マンション,1K,9.57
41-50分,42分,乗換1回,浜田山,139.627528,35.681603,京王,井の頭線,賃貸マンション,1K,11.96
41-50分,44分,乗換1回,高井戸,139.615115,35.683253,京王,井の頭線,賃貸マンション,1K,12.61
41-50分,45分,乗換1回,富士見ヶ丘,139.607072,35.684805,京王,井の頭線,賃貸マンション,1K,9.69
41-50分,49分,乗換1回,三鷹台,139.589298,35.692046,京王,井の頭線,賃貸マンション,1K,10.02
41-50分,50分,乗換1回,井の頭公園,139.583112,35.697304,京王,井の頭線,賃貸マンション,1K,10.3
41-50分,41分,乗換1回,西荻窪,139.599361,35.703842,ＪＲ,中央本線（東京-塩尻）,賃貸マンション,1K,11.74
41-50分,43分,乗換1回,吉祥寺,139.579765,35.703119,ＪＲ,中央本線（東京-塩尻）,賃貸マンション,1K,9.79
41-50分,46分,乗換1回,三鷹,139.560325,35.702683,ＪＲ,中央本線（東京-塩尻）,賃貸マンション,1K,10.94
41-50分,48分,乗換1回,武蔵境,139.543402,35.702083,ＪＲ,中央本線（東京-塩尻）,賃貸マンション,1K,8.72
41-50分,50分,乗換1回,東小金井,139.524837,35.701643,ＪＲ,中央本線（東京-塩尻）,賃貸マンション,1K,9.12
41-50分,41分,乗換0回,西川口,139.704312,35.815514,ＪＲ,京浜東北線,賃貸マンション,1K,8.4
41-50分,43分,乗換0回,蕨,139.690357,35.827959,ＪＲ,京浜東北線,賃貸マンション,1K,8.41
41-50分,47分,乗換0回,南浦和,139.669125,35.847648,ＪＲ,京浜東北線,賃貸マンション,1K,8.99
41-50分,41分,乗換1回,本八幡,139.92741,35.720898,ＪＲ,総武本線（東京-銚子）,賃貸マンション,1K,9.49
41-50分,43分,乗換1回,下総中山,139.943092,35.714276,ＪＲ,総武本線（東京-銚子）,賃貸マンション,1K,8.51
41-50分,45分,乗換1回,船橋,139.984707,35.701865,ＪＲ,総武本線（東京-銚子）,賃貸マンション,1K,9.68
41-50分,46分,乗換1回,西船橋,139.959536,35.707283,ＪＲ,総武本線（東京-銚子）,賃貸マンション,1K,9.62
41-50分,49分,乗換1回,津田沼,140.020179,35.691367,ＪＲ,総武本線（東京-銚子）,賃貸マンション,1K,7.61
41-50分,41分,乗換1回,本蓮沼,139.702324,35.768782,都営,三田線,賃貸マンション,1K,9.93
41-50分,43分,乗換1回,志村坂上,139.69538,35.775725,都営,三田線,賃貸マンション,1K,9.23
41-50分,45分,乗換1回,志村三丁目,139.685937,35.777391,都営,三田線,賃貸マンション,1K,11.27
41-50分,47分,乗換1回,蓮根,139.678993,35.784335,都営,三田線,賃貸マンション,1K,9.44
41-50分,49分,乗換1回,西台,139.673971,35.78699,都営,三田線,賃貸マンション,1K,9.28
41-50分,41分,乗換1回,要町,139.698715,35.73323,東京メトロ,有楽町線,賃貸マンション,1K,12.96
41-50分,43分,乗換1回,千川,139.689271,35.738229,東京メトロ,有楽町線,賃貸マンション,1K,10.34
41-50分,47分,乗換1回,氷川台,139.665567,35.74955,東京メトロ,有楽町線,賃貸マンション,1K,9.53
41-50分,49分,乗換1回,平和台,139.653762,35.757863,東京メトロ,有楽町線,賃貸マンション,1K,10.07
41-50分,41分,乗換1回,扇大橋,139.770808,35.763897,都営,日暮里・舎人ライナー,賃貸マンション,1K,8.0
41-50分,44分,乗換1回,江北,139.770306,35.774021,都営,日暮里・舎人ライナー,賃貸マンション,1K,8.36
41-50分,45分,乗換1回,西新井大師西,139.770094,35.781505,都営,日暮里・舎人ライナー,賃貸マンション,1K,9.59
41-50分,47分,乗換1回,谷在家,139.770043,35.788774,都営,日暮里・舎人ライナー,賃貸マンション,1K,8.78
41-50分,41分,乗換1回,新綱島,139.636167,35.536639,東急,新横浜線,賃貸マンション,1K,9.4
41-50分,42分,乗換1回,下高井戸,139.641372,35.66615,京王,線,賃貸マンション,1K,11.13
41-50分,44分,乗換1回,桜上水,139.63129,35.66768,京王,線,賃貸マンション,1K,10.91
41-50分,45分,乗換1回,上北沢,139.62329,35.668857,京王,線,賃貸マンション,1K,12.25
41-50分,47分,乗換1回,千歳烏山,139.60067,35.667921,京王,線,賃貸マンション,1K,10.23
41-50分,48分,乗換1回,八幡山,139.614927,35.669982,京王,線,賃貸マンション,1K,12.06
41-50分,49分,乗換1回,芦花公園,139.608247,35.670479,京王,線,賃貸マンション,1K,11.23
41-50分,42分,乗換2回,経堂,139.635993,35.650991,不明,小田急小田原線,賃貸マンション,1K,11.46
41-50分,47分,乗換2回,成城学園前,139.598958,35.640114,不明,小田急小田原線,賃貸マンション,1K,10.8
41-50分,47分,乗換1回,千歳船橋,139.624544,35.647616,不明,小田急小田原線,賃貸マンション,1K,10.05
41-50分,49分,乗換1回,祖師ヶ谷大蔵,139.609659,35.643236,不明,小田急小田原線,賃貸マンション,1K,10.79
41-50分,42分,乗換1回,戸部,139.61956,35.456631,京急,本線,賃貸マンション,1K,9.32
41-50分,43分,乗換1回,日ノ出町,139.626696,35.445524,京急,本線,賃貸マンション,1K,9.31
41-50分,44分,乗換1回,上大岡,139.596552,35.409418,京急,本線,賃貸マンション,1K,8.7
41-50分,45分,乗換1回,黄金町,139.62246,35.439694,京急,本線,賃貸マンション,1K,9.43
41-50分,49分,乗換1回,南太田,139.613408,35.436923,京急,本線,賃貸マンション,1K,8.15
41-50分,42分,乗換1回,高島町,139.623548,35.458804,横浜市営,ブルーライン,賃貸マンション,1K,9.23
41-50分,46分,乗換1回,伊勢佐木長者町,139.633176,35.441044,横浜市営,ブルーライン,賃貸マンション,1K,9.72
41-50分,46分,乗換1回,片倉町,139.606511,35.490205,横浜市営,ブルーライン,賃貸マンション,1K,8.89
41-50分,47分,乗換1回,阪東橋,139.624843,35.437434,横浜市営,ブルーライン,賃貸マンション,1K,8.75
41-50分,48分,乗換1回,岸根公園,139.617065,35.496038,横浜市営,ブルーライン,賃貸マンション,1K,8.44
41-50分,49分,乗換1回,吉野町,139.618455,35.435489,横浜市営,ブルーライン,賃貸マンション,1K,8.76
41-50分,42分,乗換1回,十条,139.722233,35.760321,ＪＲ,埼京線,賃貸マンション,1K,10.46
41-50分,43分,乗換1回,北赤羽,139.70569,35.787007,ＪＲ,埼京線,賃貸マンション,1K,10.21
41-50分,45分,乗換1回,浮間舟渡,139.691341,35.791209,ＪＲ,埼京線,賃貸マンション,1K,9.99
41-50分,48分,乗換1回,戸田公園,139.678203,35.807906,ＪＲ,埼京線,賃貸マンション,1K,8.87
41-50分,50分,乗換1回,戸田,139.669548,35.817665,ＪＲ,埼京線,賃貸マンション,1K,7.82
41-50分,42分,乗換1回,赤羽岩淵,139.722103,35.783417,東京メトロ,南北線,賃貸マンション,1K,10.11
41-50分,42分,乗換1回,船堀,139.864258,35.683795,都営,新宿線,賃貸マンション,1K,9.7
41-50分,45分,乗換1回,一之江,139.882934,35.686055,都営,新宿線,賃貸マンション,1K,11.73
41-50分,47分,乗換1回,瑞江,139.89761,35.693318,都営,新宿線,賃貸マンション,1K,9.6
41-50分,50分,乗換1回,篠崎,139.903698,35.706017,都営,新宿線,賃貸マンション,1K,9.84
41-50分,42分,乗換1回,大山,139.702589,35.748398,東武,東上線,賃貸マンション,1K,10.72
41-50分,46分,乗換1回,中板橋,139.694628,35.756214,東武,東上線,賃貸マンション,1K,9.92
41-50分,47分,乗換1回,ときわ台,139.689015,35.758771,東武,東上線,賃貸マンション,1K,10.46
41-50分,49分,乗換1回,上板橋,139.67641,35.763596,東武,東上線,賃貸マンション,1K,8.89
41-50分,50分,乗換1回,成増,139.632708,35.777723,東武,東上線,賃貸マンション,1K,10.5
41-50分,42分,乗換1回,梅島,139.797916,35.772437,東武,伊勢崎線〔スカイツリーライン〕,賃貸マンション,1K,9.55
41-50分,43分,乗換1回,西新井,139.790372,35.777323,東武,伊勢崎線〔スカイツリーライン〕,賃貸マンション,1K,8.16
41-50分,43分,乗換2回,東向島,139.819306,35.724324,東武,伊勢崎線〔スカイツリーライン〕,賃貸マンション,1K,10.22
41-50分,44分,乗換2回,堀切,139.817727,35.742977,東武,伊勢崎線〔スカイツリーライン〕,賃貸マンション,1K,9.4
41-50分,45分,乗換2回,鐘ヶ淵,139.820344,35.733712,東武,伊勢崎線〔スカイツリーライン〕,賃貸マンション,1K,10.24
41-50分,46分,乗換1回,竹ノ塚,139.790788,35.794368,東武,伊勢崎線〔スカイツリーライン〕,賃貸マンション,1K,9.45
41-50分,49分,乗換1回,谷塚,139.801483,35.814926,東武,伊勢崎線〔スカイツリーライン〕,賃貸マンション,1K,8.7
41-50分,42分,乗換1回,武蔵新城,139.629419,35.587369,ＪＲ,南武線（川崎-立川）,賃貸マンション,1K,9.34
41-50分,48分,乗換1回,久地,139.592714,35.610363,ＪＲ,南武線（川崎-立川）,賃貸マンション,1K,9.32
41-50分,50分,乗換1回,宿河原,139.579565,35.615429,ＪＲ,南武線（川崎-立川）,賃貸マンション,1K,8.93
41-50分,46分,乗換1回,東戸塚,139.556794,35.430353,ＪＲ,横須賀線,賃貸マンション,1K,8.2
41-50分,43分,乗換1回,浦和,139.657109,35.858496,ＪＲ,宇都宮線〔東北本線〕・ＪＲ上野東京ライン,賃貸マンション,1K,9.5
41-50分,47分,乗換1回,さいたま新都心,139.633587,35.893867,ＪＲ,宇都宮線〔東北本線〕・ＪＲ上野東京ライン,賃貸マンション,1K,9.22
41-50分,49分,乗換1回,大宮,139.62405,35.906439,ＪＲ,宇都宮線〔東北本線〕・ＪＲ上野東京ライン,賃貸マンション,1K,10.53
41-50分,43分,乗換1回,亀有,139.847573,35.766527,ＪＲ,常磐線,賃貸マンション,1K,9.32
41-50分,46分,乗換1回,金町,139.870482,35.769582,ＪＲ,常磐線,賃貸マンション,1K,9.66
41-50分,48分,乗換1回,松戸,139.900779,35.784472,ＪＲ,常磐線,賃貸マンション,1K,9.3
41-50分,43分,乗換1回,菊名,139.630147,35.509749,ＪＲ,横浜線,賃貸マンション,1K,8.81
41-50分,45分,乗換1回,新横浜,139.617348,35.506824,ＪＲ,横浜線,賃貸マンション,1K,9.8
41-50分,47分,乗換1回,小机,139.599787,35.508533,ＪＲ,横浜線,賃貸マンション,1K,7.66
41-50分,43分,乗換1回,戸塚,139.534282,35.400432,ＪＲ,東海道本線（東京-熱海）,賃貸マンション,1K,10.83
41-50分,49分,乗換1回,大船,139.531127,35.353466,ＪＲ,東海道本線（東京-熱海）,賃貸マンション,1K,9.19
41-50分,43分,乗換0回,根岸,139.636034,35.415887,ＪＲ,根岸線,賃貸マンション,1K,8.21
41-50分,46分,乗換0回,磯子,139.617916,35.399881,ＪＲ,根岸線,賃貸マンション,1K,10.43
41-50分,48分,乗換0回,新杉田,139.619483,35.386863,ＪＲ,根岸線,賃貸マンション,1K,8.99
41-50分,43分,乗換1回,沼袋,139.663841,35.719458,西武,新宿線,賃貸マンション,1K,10.46
41-50分,45分,乗換1回,鷺ノ宮,139.63892,35.722605,西武,新宿線,賃貸マンション,1K,11.04
41-50分,45分,乗換1回,野方,139.652733,35.719658,西武,新宿線,賃貸マンション,1K,10.82
41-50分,46分,乗換1回,都立家政,139.644839,35.722313,西武,新宿線,賃貸マンション,1K,9.68
41-50分,49分,乗換1回,上石神井,139.592266,35.726189,西武,新宿線,賃貸マンション,1K,9.13
41-50分,50分,乗換1回,下井草,139.624688,35.723852,西武,新宿線,賃貸マンション,1K,9.13
41-50分,43分,乗換1回,椎名町,139.694363,35.726572,西武,池袋線,賃貸マンション,1K,12.4
41-50分,45分,乗換1回,東長崎,139.683294,35.73003,西武,池袋線,賃貸マンション,1K,9.65
41-50分,49分,乗換1回,江古田,139.672814,35.737557,西武,池袋線,賃貸マンション,1K,10.73
41-50分,43分,乗換1回,浜川崎,139.713483,35.510428,ＪＲ,鶴見線（鶴見-扇町）,賃貸マンション,1K,7.6
41-50分,43分,乗換1回,平沼橋,139.616897,35.460355,相鉄,本線,賃貸マンション,1K,9.86
41-50分,45分,乗換1回,西横浜,139.608745,35.453437,相鉄,本線,賃貸マンション,1K,8.67
41-50分,46分,乗換1回,天王町,139.602554,35.453984,相鉄,本線,賃貸マンション,1K,9.08
41-50分,50分,乗換1回,星川,139.594816,35.458634,相鉄,本線,賃貸マンション,1K,9.65
41-50分,44分,乗換1回,みなとみらい,139.632386,35.458028,不明,横浜高速鉄道みなとみらい線,賃貸マンション,1K,10.34
41-50分,46分,乗換1回,馬車道,139.636175,35.450135,不明,横浜高速鉄道みなとみらい線,賃貸マンション,1K,12.83
41-50分,47分,乗換1回,日本大通り,139.642608,35.446821,不明,横浜高速鉄道みなとみらい線,賃貸マンション,1K,10.28
41-50分,49分,乗換1回,元町・中華街,139.650446,35.44243,不明,横浜高速鉄道みなとみらい線,賃貸マンション,1K,10.23
41-50分,44分,乗換1回,小竹向原,139.678572,35.743803,東京メトロ,副都心線,賃貸マンション,1K,10.13
41-50分,44分,乗換2回,中野新橋,139.673997,35.692123,東京メトロ,丸ノ内線（中野坂上-方南町）,賃貸マンション,1K,11.83
41-50分,46分,乗換2回,中野富士見町,139.666933,35.690514,東京メトロ,丸ノ内線（中野坂上-方南町）,賃貸マンション,1K,12.1
41-50分,48分,乗換2回,方南町,139.656498,35.683496,東京メトロ,丸ノ内線（中野坂上-方南町）,賃貸マンション,1K,11.49
41-50分,44分,乗換1回,青井,139.82038,35.771782,つくばエクスプレス,,賃貸マンション,1K,7.54
41-50分,46分,乗換1回,六町,139.821816,35.784963,つくばエクスプレス,,賃貸マンション,1K,8.29
41-50分,47分,乗換1回,八潮,139.845017,35.807905,つくばエクスプレス,,賃貸マンション,1K,7.92
41-50分,50分,乗換1回,三郷中央,139.878344,35.824514,つくばエクスプレス,,賃貸マンション,1K,8.39
41-50分,45分,乗換1回,梶が谷,139.605885,35.593963,東急,田園都市線,賃貸マンション,1K,8.88
41-50分,46分,乗換1回,鷺沼,139.573268,35.579762,東急,田園都市線,賃貸マンション,1K,10.71
41-50分,47分,乗換1回,宮崎台,139.591313,35.587228,東急,田園都市線,賃貸マンション,1K,9.38
41-50分,48分,乗換1回,たまプラーザ,139.558447,35.577427,東急,田園都市線,賃貸マンション,1K,9.6
41-50分,49分,乗換1回,宮前平,139.581983,35.584951,東急,田園都市線,賃貸マンション,1K,8.99
41-50分,45分,乗換2回,川崎新町,139.699348,35.518234,ＪＲ,南武線（尻手-浜川崎）,賃貸マンション,1K,8.99
41-50分,45分,乗換1回,反町,139.625337,35.47474,東急,東横線,賃貸マンション,1K,12.5
41-50分,47分,乗換1回,東白楽,139.629364,35.483523,東急,東横線,賃貸マンション,1K,8.65
41-50分,48分,乗換1回,白楽,139.627875,35.489555,東急,東横線,賃貸マンション,1K,10.44
41-50分,49分,乗換2回,綱島,139.63491,35.536906,東急,東横線,賃貸マンション,1K,9.16
41-50分,50分,乗換1回,妙蓮寺,139.633194,35.498779,東急,東横線,賃貸マンション,1K,9.11
41-50分,45分,乗換1回,落合南長崎,139.683303,35.723608,都営,大江戸線（放射部）,賃貸マンション,1K,12.43
41-50分,47分,乗換1回,新江古田,139.670653,35.732538,都営,大江戸線（放射部）,賃貸マンション,1K,10.1
41-50分,45分,乗換1回,川口元郷,139.730043,35.800187,埼玉高速鉄道,線,賃貸マンション,1K,8.79
41-50分,47分,乗換1回,南鳩ヶ谷,139.736059,35.816839,埼玉高速鉄道,線,賃貸マンション,1K,7.79
41-50分,50分,乗換1回,鳩ヶ谷,139.735967,35.830859,埼玉高速鉄道,線,賃貸マンション,1K,7.65
41-50分,46分,乗換1回,北綾瀬,139.832035,35.777117,東京メトロ,千代田線（綾瀬-北綾瀬）,賃貸マンション,1K,9.4
41-50分,49分,乗換2回,高田,139.619944,35.549713,横浜市営,グリーンライン,賃貸マンション,1K,8.27
41-50分,48分,乗換1回,新桜台,139.6683,35.74077,西武,有楽町線,賃貸マンション,1K,9.4
41-50分,49分,乗換1回,練馬,139.654368,35.737893,西武,有楽町線,賃貸マンション,1K,10.21
41-50分,49分,乗換1回,羽沢横浜国大,139.586389,35.481389,ＪＲ,相鉄直通線,賃貸マンション,1K,8.15
51-60分,51分,乗換1回,井荻,139.615303,35.72469,西武,新宿線,賃貸マンション,1K,8.85
51-60分,53分,乗換1回,上井草,139.602937,35.725326,西武,新宿線,賃貸マンション,1K,8.38
51-60分,54分,乗換1回,田無,139.539259,35.727307,西武,新宿線,賃貸マンション,1K,8.3
51-60分,57分,乗換1回,花小金井,139.513228,35.726129,西武,新宿線,賃貸マンション,1K,8.2
51-60分,57分,乗換2回,武蔵関,139.576417,35.7276,西武,新宿線,賃貸マンション,1K,9.41
51-60分,59分,乗換2回,東伏見,139.563529,35.728761,西武,新宿線,賃貸マンション,1K,9.84
51-60分,60分,乗換1回,小平,139.488491,35.736963,西武,新宿線,賃貸マンション,1K,8.62
51-60分,51分,乗換1回,井土ヶ谷,139.60061,35.433895,京急,本線,賃貸マンション,1K,8.93
51-60分,51分,乗換1回,金沢文庫,139.621606,35.342966,京急,本線,賃貸マンション,1K,8.05
51-60分,53分,乗換1回,弘明寺,139.596791,35.42437,京急,本線,賃貸マンション,1K,7.92
51-60分,59分,乗換2回,京急富岡,139.629772,35.366743,京急,本線,賃貸マンション,1K,8.2
51-60分,60分,乗換2回,能見台,139.629233,35.360528,京急,本線,賃貸マンション,1K,8.35
51-60分,51分,乗換1回,鴨居,139.56707,35.510955,ＪＲ,横浜線,賃貸マンション,1K,8.33
51-60分,54分,乗換1回,中山,139.539692,35.514745,ＪＲ,横浜線,賃貸マンション,1K,7.8
51-60分,57分,乗換1回,十日市場,139.51669,35.526254,ＪＲ,横浜線,賃貸マンション,1K,10.13
51-60分,51分,乗換1回,高島平,139.661216,35.789056,都営,三田線,賃貸マンション,1K,9.25
51-60分,52分,乗換1回,新高島平,139.654275,35.790189,都営,三田線,賃貸マンション,1K,8.82
51-60分,54分,乗換1回,西高島平,139.64594,35.791833,都営,三田線,賃貸マンション,1K,9.69
51-60分,51分,乗換1回,桜台,139.662602,35.738797,西武,池袋線,賃貸マンション,1K,9.6
51-60分,53分,乗換1回,中村橋,139.637456,35.736767,西武,池袋線,賃貸マンション,1K,9.37
51-60分,55分,乗換1回,石神井公園,139.606981,35.743563,西武,池袋線,賃貸マンション,1K,10.02
51-60分,55分,乗換1回,富士見台,139.62969,35.735867,西武,池袋線,賃貸マンション,1K,8.96
51-60分,57分,乗換1回,練馬高野台,139.616749,35.740622,西武,池袋線,賃貸マンション,1K,9.01
51-60分,60分,乗換1回,ひばりヶ丘,139.545852,35.751485,西武,池袋線,賃貸マンション,1K,9.39
51-60分,60分,乗換1回,大泉学園,139.586732,35.749406,西武,池袋線,賃貸マンション,1K,9.79
51-60分,51分,乗換1回,蒔田,139.610123,35.429935,横浜市営,ブルーライン,賃貸マンション,1K,8.49
51-60分,52分,乗換1回,弘明寺,139.596791,35.42437,横浜市営,ブルーライン,賃貸マンション,1K,7.92
51-60分,53分,乗換2回,中田,139.511301,35.411161,横浜市営,ブルーライン,賃貸マンション,1K,8.65
51-60分,55分,乗換2回,上永谷,139.572713,35.401391,横浜市営,ブルーライン,賃貸マンション,1K,6.95
51-60分,55分,乗換1回,新羽,139.612065,35.527701,横浜市営,ブルーライン,賃貸マンション,1K,8.3
51-60分,58分,乗換1回,仲町台,139.589715,35.535258,横浜市営,ブルーライン,賃貸マンション,1K,8.8
51-60分,60分,乗換2回,湘南台,139.466451,35.396488,横浜市営,ブルーライン,賃貸マンション,1K,8.33
51-60分,51分,乗換2回,大倉山,139.629808,35.52243,東急,東横線,賃貸マンション,1K,9.12
51-60分,51分,乗換2回,登戸,139.570028,35.620889,不明,小田急小田原線,賃貸マンション,1K,10.37
51-60分,52分,乗換2回,向ヶ丘遊園,139.564719,35.617273,不明,小田急小田原線,賃貸マンション,1K,11.07
51-60分,53分,乗換1回,喜多見,139.587445,35.636697,不明,小田急小田原線,賃貸マンション,1K,8.25
51-60分,55分,乗換1回,狛江,139.577127,35.632001,不明,小田急小田原線,賃貸マンション,1K,10.21
51-60分,58分,乗換2回,新百合ヶ丘,139.507608,35.603705,不明,小田急小田原線,賃貸マンション,1K,9.76
51-60分,57分,乗換1回,稲毛,140.09256,35.637264,ＪＲ,総武本線（東京-銚子）,賃貸マンション,1K,7.91
51-60分,57分,乗換1回,幕張本郷,140.042241,35.672664,ＪＲ,総武本線（東京-銚子）,賃貸マンション,1K,7.98
51-60分,60分,乗換1回,千葉,140.112837,35.613425,ＪＲ,総武本線（東京-銚子）,賃貸マンション,1K,8.58
51-60分,60分,乗換1回,幕張,140.057899,35.6594,ＪＲ,総武本線（東京-銚子）,賃貸マンション,1K,7.17
51-60分,51分,乗換1回,東武練馬,139.661964,35.768698,東武,東上線,賃貸マンション,1K,9.57
51-60分,52分,乗換1回,和光市,139.612434,35.788507,東武,東上線,賃貸マンション,1K,8.8
51-60分,53分,乗換1回,下赤塚,139.644482,35.770558,東武,東上線,賃貸マンション,1K,10.16
51-60分,54分,乗換1回,朝霞,139.600321,35.796736,東武,東上線,賃貸マンション,1K,7.8
51-60分,51分,乗換2回,北浦和,139.645951,35.872053,ＪＲ,京浜東北線,賃貸マンション,1K,8.4
51-60分,54分,乗換2回,与野,139.639085,35.884393,ＪＲ,京浜東北線,賃貸マンション,1K,8.75
51-60分,53分,乗換1回,東松戸,139.943848,35.770611,京成,成田空港線・北総鉄道線,賃貸マンション,1K,8.07
51-60分,51分,乗換0回,洋光台,139.596852,35.378785,ＪＲ,根岸線,賃貸マンション,1K,9.36
51-60分,51分,乗換1回,舎人,139.770108,35.8057,都営,日暮里・舎人ライナー,賃貸マンション,1K,8.33
51-60分,52分,乗換1回,見沼代親水公園,139.770719,35.814544,都営,日暮里・舎人ライナー,賃貸マンション,1K,8.57
51-60分,51分,乗換2回,東山田,139.604369,35.554302,横浜市営,グリーンライン,賃貸マンション,1K,8.75
51-60分,58分,乗換2回,センター南,139.574291,35.545476,横浜市営,グリーンライン,賃貸マンション,1K,9.2
51-60分,52分,乗換1回,地下鉄赤塚,139.644021,35.769939,東京メトロ,有楽町線,賃貸マンション,1K,10.35
51-60分,54分,乗換1回,地下鉄成増,139.631497,35.776557,東京メトロ,有楽町線,賃貸マンション,1K,10.75
51-60分,52分,乗換1回,江戸川,139.896226,35.737723,京成,本線,賃貸マンション,1K,7.53
51-60分,54分,乗換1回,国府台,139.90322,35.736301,京成,本線,賃貸マンション,1K,8.56
51-60分,54分,乗換2回,大神宮下,139.991431,35.693945,京成,本線,賃貸マンション,1K,8.3
51-60分,55分,乗換1回,市川真間,139.911717,35.73121,京成,本線,賃貸マンション,1K,8.5
51-60分,56分,乗換2回,船橋競馬場,139.997998,35.689606,京成,本線,賃貸マンション,1K,8.09
51-60分,52分,乗換1回,仙川,139.584908,35.662257,京王,線,賃貸マンション,1K,10.37
51-60分,54分,乗換1回,調布,139.543988,35.652181,京王,線,賃貸マンション,1K,9.59
51-60分,56分,乗換1回,つつじヶ丘,139.575103,35.657936,京王,線,賃貸マンション,1K,9.6
51-60分,59分,乗換1回,府中,139.4799,35.672245,京王,線,賃貸マンション,1K,10.0
51-60分,60分,乗換1回,柴崎,139.56658,35.653997,京王,線,賃貸マンション,1K,8.96
51-60分,52分,乗換1回,草加,139.803397,35.828476,東武,伊勢崎線〔スカイツリーライン〕,賃貸マンション,1K,7.33
51-60分,55分,乗換1回,獨協大学前,139.800622,35.84333,東武,伊勢崎線〔スカイツリーライン〕,賃貸マンション,1K,7.45
51-60分,57分,乗換1回,新田,139.795391,35.854086,東武,伊勢崎線〔スカイツリーライン〕,賃貸マンション,1K,6.72
51-60分,59分,乗換1回,蒲生,139.791686,35.866851,東武,伊勢崎線〔スカイツリーライン〕,賃貸マンション,1K,7.2
51-60分,59分,乗換2回,新越谷,139.789905,35.875186,東武,伊勢崎線〔スカイツリーライン〕,賃貸マンション,1K,8.43
51-60分,52分,乗換1回,南流山,139.903865,35.838035,つくばエクスプレス,,賃貸マンション,1K,8.45
51-60分,55分,乗換1回,流山おおたかの森,139.925898,35.872051,つくばエクスプレス,,賃貸マンション,1K,9.38
51-60分,58分,乗換1回,流山セントラルパーク,139.915223,35.854552,つくばエクスプレス,,賃貸マンション,1K,8.76
51-60分,52分,乗換1回,豊島園,139.647979,35.742054,都営,大江戸線（放射部）,賃貸マンション,1K,9.52
51-60分,54分,乗換1回,練馬春日町,139.640236,35.751452,都営,大江戸線（放射部）,賃貸マンション,1K,9.75
51-60分,57分,乗換1回,光が丘,139.628603,35.758526,都営,大江戸線（放射部）,賃貸マンション,1K,9.01
51-60分,52分,乗換1回,北戸田,139.661201,35.826883,ＪＲ,埼京線,賃貸マンション,1K,7.83
51-60分,55分,乗換1回,武蔵浦和,139.647974,35.846047,ＪＲ,埼京線,賃貸マンション,1K,7.96
51-60分,57分,乗換1回,中浦和,139.6375,35.853769,ＪＲ,埼京線,賃貸マンション,1K,7.2
51-60分,59分,乗換1回,南与野,139.631117,35.867456,ＪＲ,埼京線,賃貸マンション,1K,7.46
51-60分,52分,乗換1回,北松戸,139.911528,35.800459,ＪＲ,常磐線,賃貸マンション,1K,8.55
51-60分,54分,乗換1回,馬橋,139.917305,35.811682,ＪＲ,常磐線,賃貸マンション,1K,8.51
51-60分,56分,乗換1回,新松戸,139.921076,35.825467,ＪＲ,常磐線,賃貸マンション,1K,8.4
51-60分,56分,乗換1回,柏,139.971148,35.862316,ＪＲ,常磐線,賃貸マンション,1K,7.81
51-60分,58分,乗換1回,北小金,139.931303,35.833436,ＪＲ,常磐線,賃貸マンション,1K,6.68
51-60分,52分,乗換1回,和田町,139.586786,35.463597,相鉄,本線,賃貸マンション,1K,8.25
51-60分,54分,乗換1回,西谷,139.565721,35.478092,相鉄,本線,賃貸マンション,1K,7.93
51-60分,58分,乗換1回,二俣川,139.532207,35.463335,相鉄,本線,賃貸マンション,1K,8.46
51-60分,58分,乗換1回,東川口,139.744087,35.875246,埼玉高速鉄道,線,賃貸マンション,1K,7.53
51-60分,53分,乗換2回,大師前,139.781647,35.778989,東武,大師線,賃貸マンション,1K,8.89
51-60分,53分,乗換1回,土呂,139.63214,35.931997,ＪＲ,宇都宮線〔東北本線〕・ＪＲ上野東京ライン,賃貸マンション,1K,7.6
51-60分,56分,乗換1回,東大宮,139.640291,35.948751,ＪＲ,宇都宮線〔東北本線〕・ＪＲ上野東京ライン,賃貸マンション,1K,6.88
51-60分,57分,乗換1回,飯山満,140.0223,35.71407,不明,東葉高速線,賃貸マンション,1K,6.2
51-60分,59分,乗換1回,北習志野,140.042195,35.721328,不明,東葉高速線,賃貸マンション,1K,8.12
51-60分,53分,乗換1回,武蔵小金井,139.506483,35.701337,ＪＲ,中央本線（東京-塩尻）,賃貸マンション,1K,9.57
51-60分,55分,乗換1回,国分寺,139.480841,35.700123,ＪＲ,中央本線（東京-塩尻）,賃貸マンション,1K,9.05
51-60分,58分,乗換1回,西国分寺,139.465994,35.699744,ＪＲ,中央本線（東京-塩尻）,賃貸マンション,1K,9.95
51-60分,60分,乗換1回,国立,139.44634,35.69923,ＪＲ,中央本線（東京-塩尻）,賃貸マンション,1K,10.44
51-60分,54分,乗換1回,宮原,139.609455,35.940256,ＪＲ,高崎線,賃貸マンション,1K,8.25
51-60分,58分,乗換1回,上尾,139.588434,35.973522,ＪＲ,高崎線,賃貸マンション,1K,6.62
51-60分,60分,乗換1回,北上尾,139.577223,35.985632,ＪＲ,高崎線,賃貸マンション,1K,6.7
51-60分,54分,乗換1回,青葉台,139.517376,35.542855,東急,田園都市線,賃貸マンション,1K,8.77
51-60分,57分,乗換1回,江田,139.551518,35.558671,東急,田園都市線,賃貸マンション,1K,8.63
51-60分,58分,乗換1回,長津田,139.49468,35.531698,東急,田園都市線,賃貸マンション,1K,8.95
51-60分,59分,乗換1回,市が尾,139.541496,35.551483,東急,田園都市線,賃貸マンション,1K,8.5
51-60分,54分,乗換1回,中野島,139.5501,35.630135,ＪＲ,南武線（川崎-立川）,賃貸マンション,1K,8.15
51-60分,58分,乗換1回,矢野口,139.520849,35.641305,ＪＲ,南武線（川崎-立川）,賃貸マンション,1K,7.65
51-60分,54分,乗換1回,藤沢,139.487293,35.338882,ＪＲ,東海道本線（東京-熱海）,賃貸マンション,1K,8.84
51-60分,58分,乗換1回,辻堂,139.447106,35.336847,ＪＲ,東海道本線（東京-熱海）,賃貸マンション,1K,8.16
51-60分,54分,乗換1回,豊島園,139.647979,35.742054,西武,豊島線,賃貸マンション,1K,9.52
51-60分,55分,乗換1回,南部市場,139.633163,35.380192,金沢シーサイドライン,,賃貸マンション,1K,9.4
51-60分,56分,乗換2回,新船橋,139.979765,35.710993,東武,野田線〔アーバンパークライン〕,賃貸マンション,1K,7.25
51-60分,57分,乗換1回,柴又,139.875188,35.756323,京成,金町線,賃貸マンション,1K,10.5
51-60分,58分,乗換2回,上本郷,139.916031,35.789524,不明,新京成電鉄,賃貸マンション,1K,7.3
51-60分,60分,乗換2回,松戸新田,139.922833,35.790652,不明,新京成電鉄,賃貸マンション,1K,7.4
